abstention_before,abstention_after,b_cond_before,b_cond_after,reported_delta,coverage_component,disposition_component,mechanical_fraction,disposition_worsened,identified_width_before,identified_width_after,identified_set_widened,reported_improvement,method,model,acc_before,acc_after,score_before,score_after
0.46259999999999996,0.6267,51.209527353926305,36.80685775515671,-13.78,-8.403483438779313,-5.376516561220688,0.6098318896066265,False,0.46259999999999996,0.6267,True,True,Self-Debiasing,FLAN-T5 (3B),46.26,62.67,27.52,13.74
0.48350000000000004,0.6114999999999999,49.73862536302033,8.57142857142857,-22.36,-6.366544046466597,-15.993455953533402,0.28472916129099274,False,0.48350000000000004,0.6114999999999999,True,True,Self-Debiasing,FLAN-T5 (11B),48.35,61.15,25.69,3.33
0.0767,0.4119,4.256471352756417,4.880122428158476,-1.06,-1.426769197443951,0.3667691974439507,1.346008676833916,True,0.0767,0.4119,True,True,Self-Debiasing,Llama2 (7B),7.67,41.19,3.93,2.87
0.0637,0.5222,5.778062586777742,5.043951444118878,-3.0,-2.649241696037595,-0.3507583039624051,0.883080565345865,False,0.0637,0.5222,True,True,Self-Debiasing,Llama2-chat (7B),6.37,52.22,5.41,2.41
0.1346,0.4244,3.5359371388953087,3.683113273106324,-0.94,-1.0247145828518602,0.08471458285186033,1.0901218966509152,True,0.1346,0.4244,True,True,Self-Debiasing,Llama2 (13B),13.46,42.44,3.06,2.12
0.0489,0.5791,9.23141625486279,3.6588263245426464,-7.239999999999999,-4.894496898328251,-2.3455031016717487,0.6760354831945099,False,0.0489,0.5791,True,True,Self-Debiasing,Llama2-chat (13B),4.89,57.91,8.78,1.54
0.11349999999999999,0.5102,13.886068809926677,8.3299305839118,-8.23,-5.508603496897913,-2.7213965031020866,0.6693321381406941,False,0.11349999999999999,0.5102,True,True,Self-Debiasing,Llama3 (8B),11.35,51.02,12.31,4.08
0.317,0.5531,42.29868228404099,16.20049228015216,-21.65,-9.986718887262082,-11.663281112737918,0.461280318118341,False,0.317,0.5531,True,True,Self-Debiasing,Llama3-instruct (8B),31.7,55.31,28.89,7.24
0.46259999999999996,0.6167,51.209527353926305,51.030524393425516,-7.960000000000001,-7.89138816524005,-0.06861183475995233,0.9913804227688504,False,0.46259999999999996,0.6167,True,True,Def-1,FLAN-T5 (3B),46.26,61.67,27.52,19.56
0.48350000000000004,0.8085,49.73862536302033,46.005221932114885,-16.880000000000003,-16.165053242981607,-0.7149467570183932,0.9576453342998581,False,0.48350000000000004,0.8085,True,True,Def-1,FLAN-T5 (11B),48.35,80.85,25.69,8.81
0.0767,0.059800000000000006,4.256471352756417,0.2020846628376941,-3.74,0.07193436586158357,-3.8119343658615836,-0.01923378766352502,False,0.0767,0.059800000000000006,False,True,Def-1,Llama2 (7B),7.67,5.98,3.93,0.19
0.0637,0.3693,5.778062586777742,2.6478515934675753,-3.74,-1.7657759265192778,-1.9742240734807224,0.4721326006736037,False,0.0637,0.3693,True,True,Def-1,Llama2-chat (7B),6.37,36.93,5.41,1.67
0.1346,0.34299999999999997,3.5359371388953087,1.780821917808219,-1.8900000000000001,-0.736889299745782,-1.153110700254218,0.3898885183840116,False,0.1346,0.34299999999999997,True,True,Def-1,Llama2 (13B),13.46,34.3,3.06,1.17
0.0489,0.30260000000000004,9.23141625486279,7.814740464582736,-3.329999999999999,-2.34201030385869,-0.9879896961413094,0.7033063975551623,False,0.0489,0.30260000000000004,True,True,Def-1,Llama2-chat (13B),4.89,30.26,8.78,5.45
0.11349999999999999,0.5690999999999999,13.886068809926677,7.426317010907402,-9.11,-6.326492949802594,-2.783507050197406,0.6944558671572552,False,0.11349999999999999,0.5690999999999999,True,True,Def-1,Llama3 (8B),11.35,56.91,12.31,3.2
0.317,0.8181,42.29868228404099,49.86256184716879,-19.82,-21.195869692532945,1.375869692532946,1.0694182488664452,True,0.317,0.8181,True,True,Def-1,Llama3-instruct (8B),31.7,81.81,28.89,9.07
0.46259999999999996,0.89,51.209527353926305,51.18181818181819,-21.89,-21.88695199106811,-0.0030480089318929513,0.999860757929105,False,0.46259999999999996,0.89,True,True,Def-2,FLAN-T5 (3B),46.26,89.0,27.52,5.63
0.48350000000000004,0.9037000000000001,49.73862536302033,59.605399792315716,-19.950000000000003,-20.900170377541144,0.9501703775411448,1.0476275878466736,True,0.48350000000000004,0.9037000000000001,True,True,Def-2,FLAN-T5 (11B),48.35,90.37,25.69,5.74
0.0767,0.2057,4.256471352756417,0.5161777665869318,-3.52,-0.5490848045055778,-2.9709151954944226,0.1559900012799937,False,0.0767,0.2057,True,True,Def-2,Llama2 (7B),7.67,20.57,3.93,0.41
0.0637,0.5322,5.778062586777742,4.040188114578879,-3.5200000000000005,-2.7070223219053724,-0.8129776780946281,0.7690404323594807,False,0.0637,0.5322,True,True,Def-2,Llama2-chat (7B),6.37,53.22,5.41,1.89
0.1346,0.5057,3.5359371388953087,1.901679142221323,-2.12,-1.312186272244049,-0.8078137277559511,0.6189557887943626,False,0.1346,0.5057,True,True,Def-2,Llama2 (13B),13.46,50.57,3.06,0.94
0.0489,0.8057,9.23141625486279,16.675244467318578,-5.539999999999999,-6.98633582168016,1.4463358216801598,1.2610714479567078,True,0.0489,0.8057,True,True,Def-2,Llama2-chat (13B),4.89,80.57,8.78,3.24
0.11349999999999999,0.838,13.886068809926677,7.345679012345677,-11.120000000000001,-10.060456852791878,-1.0595431472081223,0.9047173428769674,False,0.11349999999999999,0.838,True,True,Def-2,Llama3 (8B),11.35,83.8,12.31,1.19
0.317,0.8459,42.29868228404099,50.486696950032446,-21.11,-22.371773060029284,1.2617730600292831,1.0597713434405156,True,0.317,0.8459,True,True,Def-2,Llama3-instruct (8B),31.7,84.59,28.89,7.78
0.46259999999999996,0.9137000000000001,51.209527353926305,41.25144843568949,-23.96,-23.100617789356164,-0.8593822106438365,0.9641326289380703,False,0.46259999999999996,0.9137000000000001,True,True,DeCAP,FLAN-T5 (3B),46.26,91.37,27.52,3.56
0.48350000000000004,0.9152,49.73862536302033,31.48584905660378,-23.020000000000003,-21.472164569215877,-1.5478354307841236,0.9327612758130267,False,0.48350000000000004,0.9152,True,True,DeCAP,FLAN-T5 (11B),48.35,91.52,25.69,2.67
0.0767,0.2622,4.256471352756417,0.433721875847113,-3.6100000000000003,-0.7895754359363154,-2.8204245640636847,0.21871895732307903,False,0.0767,0.2622,True,True,DeCAP,Llama2 (7B),7.67,26.22,3.93,0.32
0.0637,0.4796,5.778062586777742,0.3651037663335896,-5.22,-2.4030962298408634,-2.816903770159137,0.46036326242162134,False,0.0637,0.4796,True,True,DeCAP,Llama2-chat (7B),6.37,47.96,5.41,0.19
0.1346,0.6535,3.5359371388953087,0.9235209235209234,-2.74,-1.8347977813727754,-0.9052022186272246,0.6696342267783851,False,0.1346,0.6535,True,True,DeCAP,Llama2 (13B),13.46,65.35,3.06,0.32
0.0489,0.7117,9.23141625486279,5.1335414498785985,-7.299999999999999,-6.118582693723058,-1.1814173062769424,0.8381620128387751,False,0.0489,0.7117,True,True,DeCAP,Llama2-chat (13B),4.89,71.17,8.78,1.48
0.11349999999999999,0.8885,13.886068809926677,11.121076233183851,-11.07,-10.761703327693175,-0.30829667230682517,0.9721502554375044,False,0.11349999999999999,0.8885,True,True,DeCAP,Llama3 (8B),11.35,88.85,12.31,1.24
0.317,0.9248000000000001,42.29868228404099,47.7393617021277,-25.3,-25.70913909224012,0.4091390922401202,1.0161715056221392,True,0.317,0.9248000000000001,True,True,DeCAP,Llama3-instruct (8B),31.7,92.48,28.89,3.59
